{
    "keep": {
        "days": true,
        "amount": 7
    },
    "auditLog": "E:\\projects\\allure\\server\\logs\\.213ac6c9641eaa5038195ca8369d15ea8ba77310-audit.json",
    "files": [
        {
            "date": 1671095924591,
            "name": "E:\\projects\\allure\\server\\logs\\http-2022-12-15.log",
            "hash": "e289728fae38cc6140e9d01a59cb3ebce5acc8bfcf33b9d1154de32972987259"
        },
        {
            "date": 1671164867969,
            "name": "E:\\projects\\allure\\server\\logs\\http-2022-12-16.log",
            "hash": "7f708ec2028ebdf3ae25970c88d4c8a32573372375560df13a759e27a723aa0d"
        },
        {
            "date": 1671254041870,
            "name": "E:\\projects\\allure\\server\\logs\\http-2022-12-17.log",
            "hash": "25936942011d5ec9a2f90672f95783a9e7079aca63e0e0b15e756f7ff6818ed4"
        },
        {
            "date": 1671429002784,
            "name": "E:\\projects\\allure\\server\\logs\\http-2022-12-19.log",
            "hash": "6bdf85afcc567b9a6fb0b2ef54114604c54cba3dc6f3620923741a2c569f6020"
        },
        {
            "date": 1671538354609,
            "name": "E:\\projects\\allure\\server\\logs\\http-2022-12-20.log",
            "hash": "cbd5336a045d7bd66c8b8e17540db15b692164b0b268b46ee7515bb9d164f187"
        }
    ],
    "hashType": "sha256"
}