{
    "keep": {
        "days": true,
        "amount": 7
    },
    "auditLog": "E:\\projects\\allure\\server\\logs\\.3715dae81fa1bde225088498016ff90a56f96d7b-audit.json",
    "files": [
        {
            "date": 1671095924541,
            "name": "E:\\projects\\allure\\server\\logs\\info-2022-12-15.log",
            "hash": "eb14392ba46eee32066c36f41513b072fd5fc84c1a8e88c589d91a4036cf0529"
        },
        {
            "date": 1671164867882,
            "name": "E:\\projects\\allure\\server\\logs\\info-2022-12-16.log",
            "hash": "62a30d00f5e8a129259fed411016fa5fac5c40e646292990eb000675119565c1"
        },
        {
            "date": 1671254041613,
            "name": "E:\\projects\\allure\\server\\logs\\info-2022-12-17.log",
            "hash": "6e0422ff0de19bb085f183e93b200fae439e1dcc968347391a9923a9cb349287"
        },
        {
            "date": 1671429002457,
            "name": "E:\\projects\\allure\\server\\logs\\info-2022-12-19.log",
            "hash": "3510ccde221110f02a540d5fecd14255c93848f208743a2dfcd15c82aea942e6"
        },
        {
            "date": 1671538354532,
            "name": "E:\\projects\\allure\\server\\logs\\info-2022-12-20.log",
            "hash": "1504bd2e051a7d224cfbc637717f17c36fddee1585a8fa7039798a2a80301f3b"
        }
    ],
    "hashType": "sha256"
}