{
    "keep": {
        "days": true,
        "amount": 7
    },
    "auditLog": "E:\\projects\\allure\\server\\logs\\.95f1407653b6d59cef0890b03ecae6512fd9187c-audit.json",
    "files": [
        {
            "date": 1671095924555,
            "name": "E:\\projects\\allure\\server\\logs\\errors-2022-12-15.log",
            "hash": "bf1e6d2a1262058bd0e81f4794a8379e5db06fdcbe783dc71f87f5c0148a15cb"
        },
        {
            "date": 1671164867909,
            "name": "E:\\projects\\allure\\server\\logs\\errors-2022-12-16.log",
            "hash": "914469fd64f2b0dea1f89d480ce993819622e9567e5ff0bf529a7903b093569b"
        },
        {
            "date": 1671254041692,
            "name": "E:\\projects\\allure\\server\\logs\\errors-2022-12-17.log",
            "hash": "ffccbf91d09c16fd0790c71720f0a0871efc66df28b0d83f64621d0de581eb06"
        },
        {
            "date": 1671429002689,
            "name": "E:\\projects\\allure\\server\\logs\\errors-2022-12-19.log",
            "hash": "4a57dc0ab47a109da2e5372117a47d416aa00d0921c108fc5de790bce0b625c5"
        },
        {
            "date": 1671538354558,
            "name": "E:\\projects\\allure\\server\\logs\\errors-2022-12-20.log",
            "hash": "23398fd111bf913d13ad2c94c455ad159c8ca6563280f9dab664eab7c8e082e3"
        }
    ],
    "hashType": "sha256"
}